-- phpMyAdmin SQL Dump
-- version 5.1.1
-- https://www.phpmyadmin.net/
--
-- Хост: 127.0.0.1:3306
-- Время создания: Авг 17 2022 г., 23:54
-- Версия сервера: 5.7.33
-- Версия PHP: 7.1.33

SET SQL_MODE = "NO_AUTO_VALUE_ON_ZERO";
START TRANSACTION;
SET time_zone = "+00:00";


/*!40101 SET @OLD_CHARACTER_SET_CLIENT=@@CHARACTER_SET_CLIENT */;
/*!40101 SET @OLD_CHARACTER_SET_RESULTS=@@CHARACTER_SET_RESULTS */;
/*!40101 SET @OLD_COLLATION_CONNECTION=@@COLLATION_CONNECTION */;
/*!40101 SET NAMES utf8mb4 */;

--
-- База данных: `pizzazher`
--

-- --------------------------------------------------------

--
-- Структура таблицы `catalogs`
--

CREATE TABLE `catalogs` (
  `id` int(11) NOT NULL,
  `id_composition` int(11) NOT NULL,
  `id_category` int(11) NOT NULL,
  `price` float NOT NULL,
  `amount_catalog` float NOT NULL,
  `imagename` varchar(255) NOT NULL
) ENGINE=InnoDB DEFAULT CHARSET=utf8;

--
-- Дамп данных таблицы `catalogs`
--

INSERT INTO `catalogs` (`id`, `id_composition`, `id_category`, `price`, `amount_catalog`, `imagename`) VALUES
(10, 1, 1, 2, 1, 'Безымянный123.png'),
(12, 1, 1, 1, 2, 'screenshot-ua-23.png');

-- --------------------------------------------------------

--
-- Структура таблицы `category`
--

CREATE TABLE `category` (
  `id` int(11) NOT NULL,
  `category` varchar(30) NOT NULL
) ENGINE=InnoDB DEFAULT CHARSET=utf8;

--
-- Дамп данных таблицы `category`
--

INSERT INTO `category` (`id`, `category`) VALUES
(1, 'Піца'),
(2, 'Напої'),
(3, 'Десерти'),
(4, 'Салати');

-- --------------------------------------------------------

--
-- Структура таблицы `composition`
--

CREATE TABLE `composition` (
  `id` int(11) NOT NULL,
  `composition` varchar(255) NOT NULL
) ENGINE=InnoDB DEFAULT CHARSET=utf8;

--
-- Дамп данных таблицы `composition`
--

INSERT INTO `composition` (`id`, `composition`) VALUES
(1, 'Борщ'),
(3, 'суп'),
(4, 'булка-хлеба'),
(5, 'Кава');

-- --------------------------------------------------------

--
-- Структура таблицы `final`
--

CREATE TABLE `final` (
  `id` int(11) NOT NULL,
  `id_users` int(255) NOT NULL,
  `id_composition` varchar(255) NOT NULL,
  `order_sum` int(11) NOT NULL,
  `address` varchar(255) NOT NULL,
  `time_now` datetime NOT NULL
) ENGINE=InnoDB DEFAULT CHARSET=utf8;

-- --------------------------------------------------------

--
-- Структура таблицы `measurement`
--

CREATE TABLE `measurement` (
  `id` int(11) NOT NULL,
  `measurement` varchar(10) NOT NULL
) ENGINE=InnoDB DEFAULT CHARSET=utf8;

--
-- Дамп данных таблицы `measurement`
--

INSERT INTO `measurement` (`id`, `measurement`) VALUES
(1, 'кг'),
(2, 'л'),
(3, 'шт');

-- --------------------------------------------------------

--
-- Структура таблицы `products`
--

CREATE TABLE `products` (
  `id` int(11) NOT NULL,
  `products_name` varchar(255) NOT NULL,
  `measurement_id` int(10) NOT NULL,
  `amount` float NOT NULL,
  `price` float NOT NULL
) ENGINE=InnoDB DEFAULT CHARSET=utf8;

--
-- Дамп данных таблицы `products`
--

INSERT INTO `products` (`id`, `products_name`, `measurement_id`, `amount`, `price`) VALUES
(3, 'булка', 3, 25.1, 25.1),
(5, 'батон', 3, 25, 1),
(6, 'Салат', 1, 2, 3),
(7, 'Салат', 1, 31, 23),
(8, 'картопля', 1, 1, 1),
(9, 'Салат 1', 3, 23, 23);

-- --------------------------------------------------------

--
-- Структура таблицы `ttk`
--

CREATE TABLE `ttk` (
  `id` int(11) NOT NULL,
  `id_composition` int(11) NOT NULL,
  `products_id` int(11) NOT NULL
) ENGINE=InnoDB DEFAULT CHARSET=utf8;

--
-- Дамп данных таблицы `ttk`
--

INSERT INTO `ttk` (`id`, `id_composition`, `products_id`) VALUES
(7, 1, 7),
(8, 4, 5),
(9, 1, 3),
(10, 1, 3),
(14, 1, 8),
(15, 1, 8),
(16, 1, 8),
(17, 4, 8),
(20, 1, 3),
(25, 4, 3),
(26, 1, 8),
(28, 4, 3);

-- --------------------------------------------------------

--
-- Структура таблицы `users`
--

CREATE TABLE `users` (
  `id` int(11) NOT NULL,
  `username` varchar(255) NOT NULL,
  `email` varchar(255) NOT NULL,
  `password` varchar(255) NOT NULL,
  `phone` varchar(255) NOT NULL,
  `role` varchar(255) NOT NULL DEFAULT 'uzer'
) ENGINE=InnoDB DEFAULT CHARSET=utf8;

--
-- Дамп данных таблицы `users`
--

INSERT INTO `users` (`id`, `username`, `email`, `password`, `phone`, `role`) VALUES
(1, 'admin', 'admin@mail.ua', '1111', '000', 'admin'),
(2, 'admin', 'admin@mail.ua', '111', '111', 'uzer'),
(3, 'admin', 'admin@mail.ua', '111', '0632235132', 'uzer');

-- --------------------------------------------------------

--
-- Структура таблицы `users_cart`
--

CREATE TABLE `users_cart` (
  `id` int(11) NOT NULL,
  `id_composition` int(11) NOT NULL,
  `id_users` int(11) NOT NULL
) ENGINE=InnoDB DEFAULT CHARSET=utf8;

--
-- Индексы сохранённых таблиц
--

--
-- Индексы таблицы `catalogs`
--
ALTER TABLE `catalogs`
  ADD PRIMARY KEY (`id`),
  ADD KEY `id_category` (`id_category`),
  ADD KEY `id_composition` (`id_composition`);

--
-- Индексы таблицы `category`
--
ALTER TABLE `category`
  ADD PRIMARY KEY (`id`);

--
-- Индексы таблицы `composition`
--
ALTER TABLE `composition`
  ADD PRIMARY KEY (`id`);

--
-- Индексы таблицы `final`
--
ALTER TABLE `final`
  ADD PRIMARY KEY (`id`),
  ADD KEY `id_users` (`id_users`);

--
-- Индексы таблицы `measurement`
--
ALTER TABLE `measurement`
  ADD PRIMARY KEY (`id`);

--
-- Индексы таблицы `products`
--
ALTER TABLE `products`
  ADD PRIMARY KEY (`id`),
  ADD KEY `measurement_id` (`measurement_id`);

--
-- Индексы таблицы `ttk`
--
ALTER TABLE `ttk`
  ADD PRIMARY KEY (`id`),
  ADD KEY `ttk_ibfk_1` (`products_id`),
  ADD KEY `ttk_ibfk_2` (`id_composition`);

--
-- Индексы таблицы `users`
--
ALTER TABLE `users`
  ADD PRIMARY KEY (`id`);

--
-- Индексы таблицы `users_cart`
--
ALTER TABLE `users_cart`
  ADD PRIMARY KEY (`id`),
  ADD KEY `id_composition` (`id_composition`),
  ADD KEY `id_users` (`id_users`);

--
-- AUTO_INCREMENT для сохранённых таблиц
--

--
-- AUTO_INCREMENT для таблицы `catalogs`
--
ALTER TABLE `catalogs`
  MODIFY `id` int(11) NOT NULL AUTO_INCREMENT, AUTO_INCREMENT=14;

--
-- AUTO_INCREMENT для таблицы `category`
--
ALTER TABLE `category`
  MODIFY `id` int(11) NOT NULL AUTO_INCREMENT, AUTO_INCREMENT=5;

--
-- AUTO_INCREMENT для таблицы `composition`
--
ALTER TABLE `composition`
  MODIFY `id` int(11) NOT NULL AUTO_INCREMENT, AUTO_INCREMENT=6;

--
-- AUTO_INCREMENT для таблицы `final`
--
ALTER TABLE `final`
  MODIFY `id` int(11) NOT NULL AUTO_INCREMENT;

--
-- AUTO_INCREMENT для таблицы `measurement`
--
ALTER TABLE `measurement`
  MODIFY `id` int(11) NOT NULL AUTO_INCREMENT, AUTO_INCREMENT=4;

--
-- AUTO_INCREMENT для таблицы `products`
--
ALTER TABLE `products`
  MODIFY `id` int(11) NOT NULL AUTO_INCREMENT, AUTO_INCREMENT=10;

--
-- AUTO_INCREMENT для таблицы `ttk`
--
ALTER TABLE `ttk`
  MODIFY `id` int(11) NOT NULL AUTO_INCREMENT, AUTO_INCREMENT=29;

--
-- AUTO_INCREMENT для таблицы `users`
--
ALTER TABLE `users`
  MODIFY `id` int(11) NOT NULL AUTO_INCREMENT, AUTO_INCREMENT=4;

--
-- AUTO_INCREMENT для таблицы `users_cart`
--
ALTER TABLE `users_cart`
  MODIFY `id` int(11) NOT NULL AUTO_INCREMENT;

--
-- Ограничения внешнего ключа сохраненных таблиц
--

--
-- Ограничения внешнего ключа таблицы `catalogs`
--
ALTER TABLE `catalogs`
  ADD CONSTRAINT `catalogs_ibfk_1` FOREIGN KEY (`id_category`) REFERENCES `category` (`id`),
  ADD CONSTRAINT `catalogs_ibfk_2` FOREIGN KEY (`id_composition`) REFERENCES `composition` (`id`);

--
-- Ограничения внешнего ключа таблицы `final`
--
ALTER TABLE `final`
  ADD CONSTRAINT `final_ibfk_1` FOREIGN KEY (`id_users`) REFERENCES `users` (`id`);

--
-- Ограничения внешнего ключа таблицы `products`
--
ALTER TABLE `products`
  ADD CONSTRAINT `products_ibfk_1` FOREIGN KEY (`measurement_id`) REFERENCES `measurement` (`id`);

--
-- Ограничения внешнего ключа таблицы `ttk`
--
ALTER TABLE `ttk`
  ADD CONSTRAINT `ttk_ibfk_1` FOREIGN KEY (`products_id`) REFERENCES `products` (`id`),
  ADD CONSTRAINT `ttk_ibfk_2` FOREIGN KEY (`id_composition`) REFERENCES `composition` (`id`);

--
-- Ограничения внешнего ключа таблицы `users_cart`
--
ALTER TABLE `users_cart`
  ADD CONSTRAINT `users_cart_ibfk_1` FOREIGN KEY (`id_composition`) REFERENCES `composition` (`id`),
  ADD CONSTRAINT `users_cart_ibfk_2` FOREIGN KEY (`id_users`) REFERENCES `users` (`id`);
COMMIT;

/*!40101 SET CHARACTER_SET_CLIENT=@OLD_CHARACTER_SET_CLIENT */;
/*!40101 SET CHARACTER_SET_RESULTS=@OLD_CHARACTER_SET_RESULTS */;
/*!40101 SET COLLATION_CONNECTION=@OLD_COLLATION_CONNECTION */;
